<?xml version="1.0" encoding="UTF-8"?>
<project-private xmlns="http://www.netbeans.org/ns/project-private/1">
    <editor-bookmarks xmlns="http://www.netbeans.org/ns/editor-bookmarks/2" lastBookmarkId="0"/>
    <open-files xmlns="http://www.netbeans.org/ns/projectui-open-files/2">
        <group>
            <file>file:/Users/ejvalente17/Documents/Salem%20State%20University/SSU%20Spring%202018/CSC%20340%20Artificial%20Intelligence/Semester%20Project/MedicalDiagnosticSystem/src/WekaWrapper.java</file>
            <file>file:/Users/ejvalente17/Documents/Salem%20State%20University/SSU%20Spring%202018/CSC%20340%20Artificial%20Intelligence/Semester%20Project/MedicalDiagnosticSystem/src/TestClassifier.java</file>
            <file>file:/Users/ejvalente17/Documents/Salem%20State%20University/SSU%20Spring%202018/CSC%20340%20Artificial%20Intelligence/Semester%20Project/MedicalDiagnosticSystem/src/Data.java</file>
        </group>
    </open-files>
</project-private>
